speed,brake_pressure,engine_temp,vibration,label
79.28810257489353,303.9180400540255,74.45041014383884,0.9287779236350949,0
69.8038391111995,295.12088591854297,74.7852022444258,1.0030031479164083,0
76.86516471106117,307.0945181713904,76.65689981303856,1.1194762861876937,0
76.54045965059377,315.98647170504717,72.4882127068509,1.0212093353074174,0
80.33764102343962,308.40643548988726,71.78177092278058,0.7912972981397931,0
82.36298741206521,311.8767938846156,78.21462945670466,0.8706492374795904,0
80.41141994637712,301.23204806784486,73.22293213304384,0.9857853463059454,0
82.39489912873196,316.6125921454787,73.52063153280068,1.014098269961206,0
80.13045525105417,286.5402031975325,73.04373333422082,0.8520555776860276,0
78.39307079173503,305.0799132691254,72.13818174181006,1.089369768938911,0
81.16024968678818,299.01110346808855,75.31306781256964,0.8119989966092236,0
83.28276804316914,319.14031353866784,75.58076973410263,0.9528875348182121,0
76.68688120527077,298.6598283332708,74.31182776779592,1.1450927548279213,0
80.49666152714613,288.0411693796482,76.17208776278443,1.0400481386506328,0
80.30115104970513,311.48765700372104,72.69257295063811,0.9471022291935984,0
84.8777256356118,294.6476478843943,75.66971674238748,1.1257149216862572,0
74.71144535522049,299.5228864385802,74.68215493708759,1.0457686586053552,0
81.33525132934629,321.70942717497815,76.8765240504931,1.0731380252574994,0
75.9886136538919,302.60673765823907,74.07611541108288,1.152100622715938,0
79.82505754751519,303.31980330569013,77.544522638,0.9014196191332173,0
79.45619925771571,313.90207549017316,78.70734657546646,1.1667224111551138,0
74.8674235029447,297.85078969711265,77.53547391355296,0.9502429161614793,0
80.17631775985865,305.5623000940066,70.9419891424694,1.0449473912832308,0
78.18580719780171,301.9460745523724,79.4449902073878,1.0820158186755484,0
80.22785919951907,309.18316606002315,77.01858370790046,0.8032930296412848,0
87.89786072865357,293.88230909094716,78.03438910622506,1.0073196991001694,0
63.79366329965464,292.815927344308,76.49466524549035,0.9699140252859174,0
83.11424966173749,274.0895770785509,84.32975566801608,1.0148089419798276,0
81.219003568856,295.2616065292908,81.6563407003444,1.0181062742771083,0
84.32877597085061,303.1978193414254,75.7318595937255,1.0419609972024118,0
77.67135123214871,313.2915253013243,81.6939004385779,1.048387665118804,0
90.76591228755778,300.6447441481012,71.73826218341159,1.02837510236615,0
79.74880945275432,287.75701763710634,79.61379575523766,0.8312655652889289,0
83.2510058897933,295.63614109473434,79.43080327835483,1.0257198970355927,0
32.7375154589882,55.692252174042956,86.94216320448587,2.5346790797657586,1
77.53499532670584,297.96419639897636,76.38651799824584,0.7872772579648505,0
79.51970050137675,308.4742167715042,72.1549559873274,1.0395819781095923,0
15.448136094305346,98.0776670755385,95.30042997307582,2.59715280526011,1
74.01061053705575,297.4916698354495,76.225958434442,0.9999686327388225,0
87.39972069445012,311.7347385748532,72.21146741942277,0.9757318723187967,0
77.41977635891313,306.7787531953091,78.2729412755579,1.0550797572273662,0
79.93876613576543,301.33540904782285,72.94611052271999,1.0978422112028035,0
90.61078098506317,301.22297503032286,75.06265946488789,1.164948089432392,0
87.38947022370758,303.9922312260528,73.1198483262301,0.9110759171771676,0
86.2787806278676,316.12278257988646,73.9457572928588,1.016048962397348,0
77.44392161784407,299.64358517702516,76.44806366162764,0.871541573430003,0
78.06149220032007,291.0880777458471,77.46103203783737,0.9841846155627679,0
79.83652625952953,293.22284630247896,76.26291883316817,0.751219134346492,0
83.85432596943484,315.4324352827219,79.3597819899631,1.1384532047593907,0
81.21669724661346,297.0451968197084,73.38263189055306,0.8984121173010021,0
71.96776839871214,308.6047348835975,76.03136364464966,1.1589838978180684,0
77.60412881077355,313.17394065634323,74.83531799815114,0.9464664912983777,0
78.65555654722584,293.54035820875464,80.61289552611535,1.0045222708999983,0
83.95515973521523,299.53079421120816,75.17979789079898,0.8087745024580223,0
83.29272136336415,297.88869761172305,73.45071106833728,0.9818550930752483,0
76.03563583868828,292.4320491143054,75.78375159370157,1.1061370964873134,0
71.20630256788442,318.2600971354694,77.54730633222943,1.0554057771115908,0
77.56437308117651,282.3923724084418,79.02138315537104,0.9834368589682367,0
81.99568057176036,293.92178012905566,74.98043605431162,1.119459222051373,0
85.74636663142837,294.6467181404608,76.38961887629736,1.0692855755817812,0
76.74199826197092,284.2949939637682,76.77544240122414,0.8882813538292997,0
82.46658950440445,306.7257370120273,71.72419829881406,0.9220147053778361,0
70.64604039487072,289.75813175670794,77.04998697843321,0.8707374652847737,0
76.08373353831881,310.30283454031843,76.1772479015363,0.9877291066404276,0
75.83822213447885,302.67126651011483,75.58507495208438,0.9475432986232949,0
89.26139092254469,304.25457561784964,76.49009766970957,0.7879299847364933,0
77.34501522499092,300.2131164867194,74.38658633704163,0.9777279299223393,0
79.24107452482208,316.7770081407644,70.72812854264956,1.0951549770574043,0
79.93251387631032,290.33023856870784,73.60406862965984,0.9393134822142825,0
72.9907446860386,287.1700777581143,71.07353880264266,1.1987275999230809,0
89.32887255572378,306.1277390506257,73.57133737936603,1.0486036289417637,0
76.8759071115216,308.71297297457244,72.45709821414275,1.2303638752104789,0
39.824633763325345,78.28029004772173,97.92952100582325,2.9467335102119816,1
72.82068924410281,303.0982071022703,74.77214692907243,0.938783308284518,0
83.60836032021618,304.84732817294474,76.11631641782058,1.1497431683179626,0
85.89720060360644,309.49554135441326,72.5086667803303,0.9827198262603536,0
71.18479922318633,305.7258278135616,74.84581882923455,1.028732890440301,0
83.69233289997705,302.08382807947555,75.92415161851231,1.0141257140087463,0
84.6201350960345,311.8738605156475,78.60023686928058,0.8888419750486449,0
80.99042380383928,303.2307927311603,75.98346351852926,1.050024046943657,0
74.61127611035347,299.0166037320525,78.34296508400662,1.0553040085852359,0
72.02786170602816,288.2988697394064,78.15584285316875,1.0603247500571393,0
69.59035296058138,289.9345743472036,77.6911985906614,0.9886871947484259,0
84.63088773765821,303.0883301259896,72.83478733998824,0.9480603628173874,0
77.27540456595526,278.78145100991406,74.39552539815745,0.7810078295021446,0
89.06224278998465,295.64513629430155,76.87689280093801,1.0894647187573872,0
82.31051737131635,298.70179300266574,81.26861616508432,1.073965315172467,0
74.64553750969444,316.1371126905865,70.66843555159937,1.0453508712554467,0
84.26216667398111,290.3165554513636,70.59742420274267,1.014358793650516,0
81.62083176244221,292.64470057410233,81.29916536749954,0.9903376329985111,0
83.05838144420434,293.53063222294423,73.03870098405353,1.032950873557301,0
79.8265755630661,300.82439752934505,80.96118333509833,1.0603094684948833,0
71.48708197881079,303.24359281721604,75.93392602032866,0.8777104980444436,0
89.54708320235065,317.0221494463524,75.53046261641819,0.9659092122653921,0
82.40504615868356,284.37454143113456,74.31060110827441,0.9545452281256556,0
75.25300555584029,304.09818656928513,73.0264963384436,1.0782130001531458,0
78.82706433312427,313.80091354147453,72.76529206558065,0.836952675628486,0
76.13495108072267,298.13028697014556,74.75543198069506,1.0721479323757344,0
86.03254483254179,309.6945720052674,73.92111098264262,1.1428857707813567,0
70.66367403704126,302.81191423969375,77.35381286369407,1.1702514658129606,0
77.1209087967766,305.07835756289626,78.70743486002081,1.232004072201726,0
86.1890815598673,297.7523459810732,70.49075909472054,0.8142098548601713,0
87.75575987761262,299.7269546049007,77.51682150140884,0.9121676922820261,0
77.64480847190839,300.81829358547566,79.85163772490587,0.846495975246764,0
80.86590462925591,298.2692817571613,78.1173353622608,1.0714609790636618,0
75.92094857517282,311.8703030556038,78.70839216541866,0.9536838637914601,0
88.14307772785646,313.01741289398797,76.50199716414363,0.9669879906033549,0
74.98735317681096,291.0153201820896,76.0908956478749,0.9323004861541468,0
76.3453498002904,293.4999741917654,70.35414510340875,0.8213624534645313,0
80.90933127529247,295.3396349813176,73.35132859227426,1.2272434720446883,0
79.04830660958196,305.8636401875509,71.98812788375551,1.159058207261785,0
88.38218656137641,305.82097703468617,82.09161748385809,0.9922778954776954,0
72.42404468900725,296.35047270457113,75.48005467755836,0.8451039474946525,0
82.96550628984193,289.3760647185312,77.54529264661585,1.1376496450019538,0
81.38345399665009,316.33431532301097,73.14704431369695,0.8130258300304579,0
82.59673257120586,299.74973041254856,76.31021565520052,1.1183493666889928,0
80.40937069693162,308.53415558780307,74.4269167121995,1.069272275511686,0
71.69519533242004,317.10613372581923,76.83740638204081,1.0457805609925785,0
85.677828200903,322.9094257259074,74.51162128178312,0.9667139595617489,0
84.06262911197099,317.3596380316525,76.66681339801035,1.0685507738790203,0
80.1050192081638,285.8628550309502,75.79763468895615,0.824817119324828,0
81.8433665443645,293.537726901562,75.55150354896752,0.9414072326682245,0
71.44915803671687,296.3317558818531,77.36717006212656,1.1311983738573947,0
84.06431059419481,302.3378591179075,73.07553927286708,0.988933463144267,0
72.42576387657067,307.011727423109,79.35740260341224,0.9793388720303954,0
78.65062532353315,290.0161456081171,74.16311120900457,0.9888491172857057,0
77.28287614433117,299.22162802987197,75.76615126702295,0.8252363490171738,0
79.20030735018287,292.44254840507153,74.96373315646184,1.1278865813313392,0
77.30120159845319,309.98310898147963,73.67086793661456,0.9184624371683878,0
86.53571377141213,299.6277776349016,73.77215268566069,1.0602118320392484,0
78.28656202959826,309.19228934575204,74.10097005597964,0.9034335196476792,0
87.7496720250877,304.3004164719107,83.27898011673324,0.9039953704720536,0
70.23956100238749,316.3911680544407,79.60030110388898,1.0443002130447376,0
76.88650240089703,316.2839662312854,76.76565980931215,0.9732358909101206,0
71.86228781058419,298.79051851392217,76.71617232514244,0.9720189657622994,0
72.9576935181822,296.46833707189313,71.43100002272891,1.2511556551584424,0
80.38684153823809,301.8102155870371,70.51041223472976,0.8973630792334107,0
78.8293152152541,311.17295831588126,76.34315077743084,0.9486803635486604,0
78.32107650354936,289.2786098801439,72.87126043575248,0.9672982682390229,0
77.923560430496,282.3156063443715,80.15813371862188,1.1346225756202748,0
37.70421696346644,95.46102339302433,93.3898592275397,2.2554459010445487,1
42.42344535276934,130.0489547562568,99.56736866008703,2.5113830324732636,1
80.4982568254382,315.0075979063431,75.62897824582387,1.0543479378670093,0
80.5711382433102,290.0069776770509,72.79747860366452,1.0229074688205702,0
80.66484837073438,296.91965715814257,74.85330844957768,0.9217996507488964,0
76.04762772277344,307.9426467962183,75.52563425672554,0.9908600442490886,0
75.38383376944547,303.5063009927356,72.27673145955924,0.9176064513028,0
75.50792664325822,301.6057398104986,80.21669899139273,1.0012499321907251,0
73.99851796472112,284.0700626646833,74.33039323609559,0.9136117039410234,0
80.23699335658208,309.3259083187309,73.89141921349993,0.9436052511941757,0
77.12181086881112,311.0708066928697,71.47321618312544,1.0034027411072233,0
83.7364680256163,280.06264357428546,77.15927382644455,0.7093011780678358,0
84.92161199238292,303.1917451041918,79.66248126214433,1.1275390737999014,0
82.29590039614219,289.3219707842081,70.39328363037868,1.0370061115268956,0
75.462181689792,291.494795457907,72.24749153695721,0.8644552496887711,0
79.0656417791932,316.39964529371395,72.54471400217399,0.9639960731243017,0
72.60706877110078,295.1115057821373,70.98418260083025,1.0444198327290672,0
79.91788551963624,299.0141186771574,74.8147074004196,0.8800302471634691,0
76.22308533823339,293.2225502947515,70.78329894246407,1.100713333647316,0
88.16205651965818,293.2650937575613,72.56742746636898,0.980573086802148,0
79.82086980445024,299.7564540773902,76.96770232958929,0.9805302703883318,0
88.22483856750642,289.55190805978964,78.35219644770739,1.1103877343316257,0
90.37700399322719,298.0634054072028,77.22804725507916,0.959692401093497,0
79.4263177926655,286.65974505081795,75.15266310556805,1.0759712295484167,0
27.75088921381336,112.88022468405202,93.6000334906276,3.1573512623218134,1
85.22080438534536,302.8712416520182,71.8738667632707,1.0145063745959382,0
74.82378838790314,315.01333651955485,75.43016540202676,1.0361661061247016,0
87.61562038634828,303.9968795175264,74.74968609062891,0.9035294574249285,0
79.89549203017926,312.2766899247329,72.13069086954597,0.8961456179156028,0
87.23488942176867,300.7543363890159,76.49959237122111,1.0373348559711397,0
85.47095759235474,291.8974756298562,71.60733469402226,1.1386349397262843,0
77.49121478207732,315.7398676329003,76.53925626029188,1.1472670675750982,0
81.5390088444603,297.61067900830307,77.11351961947418,0.970251779912615,0
76.4782815472862,301.9438430157734,73.0939128335231,1.034670997760492,0
82.64902088957642,294.3575240134261,71.12321191468314,0.9926027136405622,0
76.7408194609892,302.2468472575189,75.67592376612282,1.110590042435731,0
73.89578175014489,288.4163531080746,70.49108901481453,0.950026982384837,0
87.96593313319698,304.6642998243353,77.76540450593176,0.9282983850872064,0
75.17538269709948,293.3092726134008,71.72489737158206,1.1170198709196604,0
85.26576426666452,302.38368982734784,79.29410034549355,0.8885953549838006,0
85.83891030829903,291.8180111657769,74.79846512985193,1.019548173155329,0
78.36168926701116,299.6149153049929,77.1249115416032,0.9809496894002189,0
79.81182648787576,312.9699454656111,76.79638316868574,1.0958385819842043,0
9.423853061047417,42.759935886300774,83.04847816265281,2.800439781802924,1
81.83299123048424,286.52873710470305,73.5634876319748,1.1676393027208203,0
83.37409746083301,301.1502607914742,76.38986559035432,1.0839468504518406,0
24.03663351762418,116.0887272855157,96.94156002711725,1.6671605187244052,1
78.84532734895662,300.2079370767541,78.06414988628819,0.9816849528946705,0
83.77695612912878,305.8857840442061,75.81448593247694,1.1953259137526568,0
78.93276424144076,303.21697806196016,77.76495033577338,1.0437313187038961,0
76.74678715439086,305.65509645631545,80.0203562708956,0.9406188591931295,0
86.33455574593312,292.98008312193247,73.87441085902819,0.8706858456241352,0
79.03819517609439,296.37559058596867,77.48842452579524,1.1223083067095325,0
74.66189785308703,294.5375555174752,76.82016917740854,0.9118931663338707,0
74.89383591434644,291.9039648007835,80.71240976871903,1.0316358321536145,0
82.0085586104947,305.5781030635186,71.78683896105285,1.152323862171226,0
80.35783118609696,299.72485094949366,74.95848676171728,1.0145521197768241,0
83.83717364576455,304.56753219153785,71.61969759327059,0.9769475374819749,0
81.8860593753226,297.90778126255475,74.81398797190191,0.8771556168734237,0
81.70575987408321,288.5699508726952,75.59194712221678,1.1153900734255746,0
80.65370288643045,321.4514912777339,76.399075123339,1.1655407113088296,0
85.2682089830392,311.0969984195622,78.09174175687217,1.0000682818957483,0
72.38406547608113,313.95683810789956,80.11231654876647,1.0471542380418206,0
77.11548172168798,301.70416222375485,79.26710958509553,1.0937915537510654,0
72.32942914632189,301.19580368414154,75.6902122775742,0.9095385625006234,0
77.11614334715834,294.19476550195276,78.0529844005305,0.9290979042369509,0
77.80134470862913,307.4212749107189,79.59710317403434,0.9271922902144679,0
77.17960684631636,299.8554772912172,74.52286436879984,1.1303278037316065,0
82.60970782808448,309.16327674702484,74.01631585046124,1.0334176417244898,0
84.3480296005283,291.2201741324344,74.00607485045003,0.987234531848181,0
82.56892975456104,322.5243580534431,76.91517577682515,1.0204389031602976,0
75.40674026757901,299.16894427371307,80.05504283612552,0.9606470144030271,0
77.11554065238425,312.62584103427184,70.18026869778396,1.0139060398653417,0
87.64775159730307,311.48637349428714,72.22085661005538,0.7396862912172701,0
81.78507742982524,293.5072245493399,75.56911850283119,1.0432262950634155,0
90.05102269383175,290.1282047284882,74.41060024971571,0.9893662997468685,0
69.63304883795925,285.61722021682635,70.65422575609936,0.7506729179669922,0
78.12589596225202,304.2359906559346,74.39105808781302,0.918759765106258,0
84.11585291980957,301.7644155527723,77.92745015803413,1.153019519886335,0
83.10336048775339,318.3818367679512,74.20965535175326,0.9367244970114961,0
73.27774744482862,285.9368253632817,78.69262353946421,0.8880453871616831,0
74.87806179332856,308.9492437694444,78.4204471155638,0.8790523064581195,0
71.37541083743484,299.10264305712775,69.59682679754178,1.0408607307701767,0
77.77853369961944,307.6608027838469,77.37111568815513,0.9612300083591439,0
83.55807439044445,299.84690150827004,74.03799712332842,0.9761889563687945,0
24.25774215580547,109.58574012348866,94.5628233561141,2.624443996457278,1
54.1317128360156,88.20841728815797,92.93889627487765,1.6739667814974717,1
11.74075961669281,138.88189185344189,103.34534762913165,3.3736386933521825,1
81.92032724469654,304.59972142939114,77.09648526060761,1.1418531345148037,0
74.08370743667112,306.77925871339266,74.11809915700745,0.9138296929743742,0
77.56196887963753,306.96387447456715,73.25984027588987,1.0682069490062631,0
82.95327415346155,299.66770009355537,73.63163751757743,0.9629417237599217,0
72.24668284466934,296.5134786559214,77.42136778991193,1.026402008133367,0
79.77206991822251,305.6091944794124,73.17637421797255,0.9006641300418049,0
75.88889802216784,303.88578604530966,75.31768335934571,0.9590313407370503,0
75.30060106836322,290.28385961489346,72.41167270787064,0.9054493120057269,0
74.46737045629165,292.00807993349747,76.1688425321127,1.0051197901881086,0
92.80042269134397,278.2733045398596,76.79168465476016,0.9820906714983844,0
22.075544300055313,105.26608688735794,102.64015679693917,3.156245825395315,1
83.95831346981468,303.9331783939437,73.19872930278389,0.9498597853114363,0
82.71280021792982,304.47708560017315,75.42882928429113,1.0194107630953357,0
75.36534764210958,287.56136764608715,71.66562612918891,0.8838216156087636,0
74.59225998192802,316.0734557601999,72.22730056719509,0.9851030690232703,0
83.39798874467338,288.9641068278423,77.1545571771238,0.975147138192555,0
73.10340385992737,297.75144018191924,74.46967751065266,0.8361970942563983,0
75.86384528223839,304.7469823287995,75.59684444038949,1.045122531931851,0
73.52460613968192,300.8614388304637,75.16480233299954,0.8402400830404568,0
77.65262807032524,305.697672802322,71.41822498080283,1.1179725208360711,0
24.03480459578094,104.19661698517382,99.74797285682244,3.306110044184256,1
82.80392263184117,278.4660988639628,72.29384533692748,0.9290558997572453,0
84.28199397161737,313.7570681331162,75.90142307883248,1.0156972960968433,0
83.16959511159006,309.4077118798822,73.27919468130929,1.0309998983165556,0
90.95227812904989,295.06243416838686,75.55154863426108,1.0105753791271481,0
81.97226071189148,300.88406886291847,76.4990553309088,0.9777525103221735,0
86.91079495518764,301.598563919974,74.90568248887567,0.900485151814662,0
85.36815874929886,288.94295331514064,74.16334981754773,1.1001824853681936,0
77.76742523966489,297.02436496640007,75.98023429380696,1.0610216169589222,0
83.27182828177028,299.78632705651563,76.44559818515548,1.1695722877810866,0
79.4217585880588,297.52822617479404,75.80738082373531,1.0768207216631738,0
80.75196893238103,296.6291402888196,76.38618267975569,1.0189479821221081,0
77.8372090609019,309.55305208570513,75.71821350160613,1.0126177903661968,0
75.52696348890248,313.1491445358405,79.69024007649632,1.2212531039397243,0
81.3998431315991,275.75759739727056,76.6466515059521,1.0156693728246524,0
83.40976485647482,298.887739386513,73.68984079187821,0.9610076293440555,0
70.4061439235048,307.71698710648343,70.17732040689307,0.9175485838472326,0
76.49939592530413,307.7966053226934,70.78443045958927,0.9240296882519713,0
77.22400236653401,309.6485163309746,69.88838523951985,0.9849679539728128,0
85.4039036277731,283.8368939156341,75.94846787154833,1.0266818396295403,0
76.40077895802645,297.1889970711405,73.8911689918691,1.3926237706436326,0
77.89677338617321,303.9580353343741,74.56644398785345,1.0777407352764512,0
83.43130095187257,301.04201103951874,74.94221886079681,1.0202328796422802,0
84.86277224813365,306.1536748401305,73.38347443142179,1.004693490206037,0
87.32824384460777,301.2810441491079,69.06210056887264,0.9362692252971205,0
85.41525621587638,293.610382523105,72.39101075617592,0.9711451304124296,0
81.48060138532288,306.5232287841342,74.92043622225282,1.00852094496339,0
81.01461510425649,295.1693894831656,76.88858875266543,0.8564090476131472,0
76.99680655040598,284.1609717651428,78.30287890499571,1.0292192728326373,0
86.00606961081972,299.173193141573,77.60746819316782,0.9449884717063461,0
82.52023257758923,307.1895331066507,70.9021328663984,0.8974247316359723,0
83.87317026714669,317.4957674318694,76.67307318217537,0.8130183660467836,0
72.75957829251338,309.1907648298777,72.30364785503062,1.071271202886133,0
79.43835975154585,293.5648176961986,73.11220981892163,0.9638537233306014,0
82.93428546900135,309.9626681944714,65.94146353253753,1.0911362722174722,0
79.62783285449977,303.6728731340134,75.28603259832393,0.8457198484790354,0
74.01896687959665,293.1081218191043,76.93564675785017,1.075792184992362,0
88.34510762644696,270.7864951650539,71.22448526797399,0.9786543220649562,0
85.28561113109458,306.4084286126701,74.91221155894506,1.1724696649761108,0
81.16126848580502,298.60410371844824,74.08882191367,1.1887687657340191,0
71.93642064405174,299.3740687210048,74.21132751237519,1.1631856899089108,0
11.032523895675517,88.84426353164004,87.50492019770799,2.2567093970220964,1
76.40777889373783,302.673923140719,74.4326388276689,0.9627680947062077,0
85.79664901682123,314.1222055541543,73.62809503473963,1.1451001438131336,0
82.36618812286773,311.8947048892464,73.47557940705806,0.9657450799142235,0
76.6153899984702,300.59630369920177,72.28280309741214,0.9430167071761242,0
84.1784605603257,294.4814185410755,80.24875171261627,0.8423003517809002,0
77.13168996559882,297.08188731084454,71.95831214312238,1.1220821298813048,0
89.41012248237517,302.9355793216663,76.10244499642292,1.0052258490497483,0
78.59107695569746,293.07579020126144,73.5440824938964,0.9916282040150788,0
78.0734320156912,322.1052300159135,75.02039953367999,0.9588506855437819,0
73.39771693457863,280.01799315467895,74.97209903658415,0.8758239424518376,0
75.85502494538964,303.3088023221446,80.41304432936023,1.0841983695452126,0
73.09949270892554,315.61511196726855,75.14932106154288,0.9788333018068823,0
77.5528027874089,309.53136633913243,71.39039743383256,0.7981512135611362,0
75.0519758987071,283.8486818409449,76.26028347135552,1.09778155496862,0
87.73752600665031,316.12220628255426,77.6860662922878,1.0281009250281807,0
79.30867849414408,303.520553965143,73.99854153073197,1.0833333911780307,0
77.8655946502629,300.61679849847974,72.24394046554171,0.9935815838711181,0
81.30527636089944,284.2360784301575,72.35437604631684,0.7008864029099277,0
85.79297789503703,308.70067730688754,76.17139454978667,0.871283643141575,0
85.59787455717289,297.2318670011108,75.78084151974866,1.0834751326324883,0
88.97278931758893,304.4194064956941,74.14537351989098,1.0582737583173865,0
77.64034067105283,292.46035411133323,75.06739767843614,0.9266967004476011,0
84.57701058851038,287.7423433699766,77.17528736054399,0.9396019374030771,0
73.94491900118771,296.003638143854,74.4769372262915,1.1026986263319731,0
74.44712077267086,295.5267810434125,79.39253171625731,0.9802062271015318,0
81.85572936685655,310.2406252581146,72.64870300324081,1.2271449745422796,0
87.0139715546805,300.76821891060257,79.08197578751596,0.863168496116719,0
73.6021151663215,295.25096343377476,74.34586231382288,1.0604120889588518,0
80.45880388267751,306.13517972730415,72.68136699652918,1.1578118057562183,0
71.48308780322422,300.3200414906577,75.02118947588453,0.9372266093915494,0
79.34928472816158,312.36093175210436,74.258922897762,0.9584033072052641,0
82.52493639490228,293.98632356048785,75.52002499311122,0.9905541285557997,0
77.05317621527894,294.18319086051355,81.07292886986056,0.9900905699758731,0
77.18137723598012,278.47109407047515,77.05895537087011,1.1829620201716087,0
80.05116530509794,304.137990974515,75.45527397674623,0.9641970620253014,0
79.96013679341691,306.6288126866741,69.46143641328572,1.0706078913815131,0
80.09216966532696,312.17158520825495,79.21010991037558,0.9168045082505549,0
83.0300497567282,297.04598589860973,74.44642392703246,0.996771938895053,0
76.99891561420603,298.5299799837151,75.55422173668717,1.131830232485267,0
32.39193760206194,66.78529549592645,90.28720997104062,2.7282028833418064,1
79.50412068110309,298.9039019607417,71.49666134619619,0.9759334825469786,0
85.63282514773879,313.7487641914818,69.36022684458287,0.9372686554048697,0
78.1951691709046,300.24219456672756,78.71231440405242,1.0330851304615578,0
87.69018283232984,294.2629999606142,66.17883409600717,1.074500531287728,0
78.62474151424178,305.3829607904963,74.53230546619,1.0196131459023907,0
77.70319550229878,305.13600106569714,73.83860805063145,1.0573744421004414,0
77.3511989811648,302.2445181855997,73.07555521433115,0.8360515837474566,0
76.43577108661418,298.19520086409375,72.31396103291092,1.043477006455689,0
77.48262172941901,308.5022174211349,73.52509144310386,1.0199810433718715,0
72.21685413238048,303.38483843461694,73.12696383086033,0.8159922255494247,0
37.21362139123343,94.1115804583619,95.86127193205519,2.0801378004360234,1
86.7271002307749,286.434181953766,74.05941094148281,0.89393949336034,0
80.4853877467402,316.8392769145787,77.40122857568305,1.0996570510579446,0
81.42932695362452,278.48184598670696,74.89916230588886,1.3243092969594734,0
83.07083350021712,300.5701312489708,73.3925956108431,0.9946095150994261,0
78.63638215126164,289.9026929529006,76.29887947608209,1.193515404006023,0
76.20433669223151,301.4866745720211,73.60678721307184,0.8719544428997533,0
82.04126377857236,290.96298139269874,75.59187679689362,1.192036750214426,0
80.6100490732268,298.79618836046404,72.31479047317019,1.0111372601840052,0
72.93848149332354,285.6922489788195,73.58372826690862,1.122898050248906,0
69.38052137845096,297.8655712906979,78.58232820914212,0.8929147581315561,0
44.68334337835169,76.00178479894197,92.01512856639464,1.709804891513145,1
83.75693561685894,304.4460266822014,71.02058361506676,1.0131065186215849,0
82.8853606359027,320.615035766364,75.88267238704049,1.0505589241835875,0
80.29609217007244,290.4667139174129,76.60388725836731,0.8627534452115899,0
80.14878069747873,310.0104609256714,78.98679995860623,0.9568874430424901,0
76.99146693885301,307.8580015865083,71.31135121664275,0.7761768766675028,0
85.15922269734317,297.5393751187005,76.10294787897426,1.1192735165416414,0
77.43066541331653,312.00413907944426,77.08043673574198,0.884664948940404,0
77.38638489740481,305.79633173213574,69.37034188187438,0.9468545448640785,0
81.50773671166806,288.80330105373855,74.4185215836816,0.9741145599630169,0
82.35707778193202,305.0872502322993,72.72515379333723,1.1352202678867145,0
81.88650246522425,312.26933223884305,76.02015388370667,0.9586384334370357,0
78.14279567002104,293.31855914461005,74.84938614887477,1.1629166364900945,0
78.18193893893073,308.4062002650455,76.37184121384573,1.0224339656778083,0
88.9793883654776,308.9683931586553,73.105266812504,0.7867404373845164,0
85.97523314462421,313.1030874611961,74.84278664826759,0.8228931446911909,0
75.91532164506381,304.2719436187169,75.90332201757522,0.8525867867957895,0
30.52070623128843,58.12632393422545,101.62716054547539,2.4628223173545645,1
84.11272456051594,299.9639746090943,82.9330300410511,0.7252495157274765,0
79.61449145292949,306.3873022202919,75.26597277288431,0.9588573392883998,0
79.27819794038028,297.4764649787371,77.77281041861349,0.9466399693560833,0
75.12063373511333,306.3472146856177,76.53237626558278,1.2049812095785926,0
84.79635413042604,304.86501643826205,75.10245725246408,1.0695202900084,0
85.94508265553776,284.86285607387174,74.54748686529992,0.916307929620372,0
83.71632047011357,290.775898155015,79.23137743561051,1.0194051943605873,0
84.44815397811719,298.24114187567665,77.65569444896697,1.0590422061251463,0
46.36292505905547,141.80363582573295,97.6881495147494,1.6688752720575213,1
74.37255476350812,308.8404539636105,74.23513261933891,1.1023530644185344,0
72.84929311019684,302.789941622238,71.22726642325615,0.9244208499841637,0
15.0920598774772,86.44151884264367,87.92366404037907,2.2073473044365888,1
84.12708174494014,305.3875599244637,77.64699918697023,0.9540909689781009,0
76.94241098504025,305.13907849658915,75.04685500184881,1.0336144963026228,0
83.24354943794822,289.7232485907404,72.45471409742755,0.9818496837864333,0
15.47931362234632,104.29146309636857,93.25280336391522,3.2693783179299816,1
78.07722227885087,282.39191188019225,77.47814151432452,1.0078143062969647,0
78.45226780343005,304.2830709720765,68.25933199804618,1.0313132140013155,0
83.48103182406709,292.71997058770864,81.26532831860978,0.9643326865820129,0
83.79484610246634,324.3975240633927,73.46035930058524,1.032159321133924,0
73.77672648344291,291.9682104931966,78.73403874221036,0.9623699275075004,0
89.38397906279033,303.6736550681618,72.52376841006314,1.2052972024501662,0
89.43092950605265,299.74445929008556,75.00361642608668,1.0932191564260385,0
85.5165094100826,299.7713193770112,77.00502146615425,1.005166097685108,0
78.87111849756732,293.1894834252512,77.2437307683526,1.0458386703551483,0
72.48428523440947,309.039348410862,74.07455163463254,0.946468328743234,0
72.96268112811723,297.0972545581135,71.00905912278303,0.8116849791941416,0
77.04214305582084,304.1901900936605,76.06684004635699,1.010940847183297,0
86.78120014285412,301.97910783462646,75.26874204376574,1.1848608833296412,0
17.152526438862015,99.78865043558336,100.04735894297984,2.519723332608089,1
80.43523534119086,300.380034781682,78.37233815995805,0.9883770956878042,0
88.82727120140548,302.2391413406466,74.69023571955286,0.9870482753136559,0
81.69248203747208,301.408862469112,73.18241753772332,1.0466545311450126,0
75.87251401603744,281.637946268967,75.0428192035093,0.8803211353573688,0
77.22261440419872,299.3933918618538,79.71905917564457,1.145261674548618,0
76.0373963078365,301.0537550614596,75.49428252370954,0.8182020774612845,0
16.608187267621737,89.03482189044203,103.07389395354926,2.2677406789784196,1
85.8158187607748,306.337768809321,74.04045743023546,1.0491207665411997,0
71.5376768514259,302.0056919723094,76.42089623043437,0.9697819413017379,0
81.46536236649341,311.0818281673752,70.96238722958036,1.0556553124533758,0
81.13729967302065,299.28398740585936,72.91586060673282,1.1516394055253574,0
76.61419144243945,309.5670231679458,77.67779201489793,0.9669210775672442,0
77.19909479901516,308.33528961608926,74.4272886248181,0.9630792799552554,0
83.40750348686312,305.0109416993985,71.06334241970578,1.021273977585766,0
78.77128467957027,276.37067564458164,82.28014945903656,1.0511499575361862,0
71.6923996886552,296.27166847908234,71.94100698392366,1.1190548594343597,0
84.65640059558099,303.9348538542175,79.12331427951246,1.0750579167521765,0
78.95938874821363,296.20872259012515,70.20562694434875,1.0846770775216494,0
90.8162736165273,302.6032183877122,73.3513791762134,0.9977721020816287,0
80.36658983594202,296.32972160916677,77.75536333182724,1.066492716230174,0
80.85432719063971,316.1537568946944,76.2292883878785,0.8729938911287968,0
79.46484820022721,285.78189333258155,73.89216858226139,1.0532006198821944,0
90.4619363784273,296.835915503052,74.45632748034569,1.0776027913843476,0
77.48972887823695,302.80161158819607,74.10048541117536,0.9449448068291513,0
81.73224104748488,271.0374462180631,72.3986093528673,0.9139614989220498,0
79.72226150551691,292.46582129653814,73.01903658157966,0.9711961126077924,0
72.87625906893271,293.47376020697607,75.71774059233344,0.94153822693428,0
77.14626853125262,284.1586405699451,73.64502157152113,1.0307612668189197,0
79.11526386252976,298.68743032907696,74.38242170735897,1.099558151400203,0
73.11165316021454,316.42015160136367,71.43176432139802,1.173493657583681,0
80.27862456144348,292.6540842320195,81.16963069448863,1.1153590343316926,0
70.9755894966774,306.4828043384386,76.5427642680535,0.897597140911362,0
85.45753425961232,311.48445709196756,74.29613829012776,0.7783181160645936,0
80.09209189594776,312.2103369552535,78.21893414329804,0.9392645566787788,0
82.36796215317591,320.7674798356084,76.51641047749987,1.0288723662825023,0
78.07458859791842,309.2463368291277,78.78576450214197,0.9575763666601956,0
78.75481980221811,280.33643410624,79.34549768967878,1.0475167746495382,0
75.62190873307621,312.38283071433636,75.62180198819684,1.067893129005928,0
80.53215113845948,331.9310756784486,73.77569748251933,1.0475430682526623,0
78.38969241897162,302.38789159026516,73.4731091228775,1.009337237427665,0
75.11222377600724,303.94671529822983,76.0217676492015,1.017775010626803,0
77.61171276617442,317.7225159666974,72.93081667780748,0.9385877434991684,0
76.16326218555976,280.24533433646127,71.74252461334444,0.9012126659099251,0
77.79977756651508,291.64652946740244,74.29794042267906,1.1048707126416564,0
76.11091656204562,310.80048065714647,71.66409892267751,0.8826120035591027,0
89.24478047472672,298.1710355889516,70.24205006328613,1.1180640912452144,0
84.13591624518011,288.53654606981314,74.05178143191885,0.9611479224816991,0
76.48973453061323,310.786808334313,78.56674011442392,1.0640479795200823,0
75.51372814257084,298.47530163619456,77.37187679748831,1.0522142545933937,0
79.63994939209833,293.48581996385553,74.40798473907802,0.9824436054500785,0
73.25907288947144,296.08241850956176,75.25147988378808,1.0320785725932684,0
79.36041204259617,303.074066978091,72.10872322136817,1.0913771621385586,0
81.21843605745956,324.9299951743279,76.75323894141745,1.071232215958016,0
88.77397090992183,313.1759753560796,68.3833018287028,1.0123078201656182,0
83.23844269050346,287.48460575809554,78.51937391275992,0.889513720693748,0
79.68660451363414,289.5308901731806,78.17980915213987,1.0338552876285914,0
19.353165116496974,117.47713956426415,101.15111087825395,2.311494503718992,1
76.93605654757806,297.31469352094166,75.75949571411394,1.1012637409644073,0
88.43570817536282,304.90974951638253,77.67059523337436,1.0502784426895193,0
73.92905693606134,301.417169136399,78.96391209681903,0.9247564762646965,0
82.7989522396552,307.9994190194205,76.00517408725236,1.0421546083536561,0
76.9800740664209,305.9252694920118,72.92837684305123,0.9595602576816039,0
79.07548931778506,325.8956364201861,73.52429265748138,0.9964174421293537,0
80.57837317146429,290.66732040926803,73.14824044035923,0.9621992100981783,0
81.73790852680835,315.2131605192245,77.09370981761708,0.9361717273471506,0
82.20007225026666,299.7359424304107,74.26984806187495,1.0464369863546574,0
84.06754818000319,290.7932640692063,73.64372900150076,0.9305399630836856,0
73.88936095554027,296.6522466789346,78.28940770143265,1.2095843501809158,0
75.10618142108846,303.01791899819466,74.16071949451249,0.919503351914744,0
83.19296229388686,307.2238135782777,76.6938177776808,1.2165056067806603,0
85.7141140725751,295.32298798688106,76.90625409062768,0.8179396699451482,0
76.13105400448214,309.1358462623325,83.84728327592617,1.1088769654216672,0
78.72511391289572,302.98752908365685,72.01255381562932,0.9204442932059118,0
78.44866621703272,290.9609235853521,74.80160215612253,1.0158053489920131,0
85.79055436750033,323.1932953998169,79.25880901354091,0.8533214809384323,0
78.3698823391608,281.3346338292694,71.2870127330181,0.9167938695150143,0
83.16390933053142,303.2316771418478,80.97754605950436,1.0522250636017778,0
75.4530627260263,304.77040827223124,75.83213081387457,0.9931365953914532,0
84.40819878474726,307.34877786049816,78.10574800417126,1.1796360822926963,0
81.05508733601309,313.17115067339864,76.95456597401852,1.0232786742940163,0
73.08600134517832,300.21271576736063,75.20803301110875,0.9863004510557541,0
87.82321827907003,321.42270358611864,75.58420858415633,0.9935811822891503,0
74.70393239055524,293.43105721028604,73.82396208024261,1.113731454236473,0
75.69793317358024,285.81634267066966,74.605582212985,0.9183782755458035,0
81.61359280169044,310.8589556583158,67.18735843011859,1.0900398588395064,0
72.14887640054772,310.85982116175035,69.11212292498226,0.9052107282731013,0
83.22742090570537,302.88693629279857,77.74617082668048,1.0277358461964676,0
77.26570529379804,284.3680919130334,75.25706148421008,0.9123226218788155,0
12.357399951678289,128.50047486008935,99.80152398140736,2.7024963957223704,1
83.16465908877755,308.9503831407612,76.8681336717008,1.003944704824074,0
89.23353662868017,303.61503525206103,73.94423604655047,0.9877942867878723,0
74.68848143136948,296.78364948782615,76.42907330806865,1.0732492102779803,0
82.02025428407269,293.28376632061946,75.63988112211882,1.174736319791556,0
73.2007192951004,313.9246530006433,74.75820075210972,1.0103438129308107,0
81.55453782799002,293.3190954635695,74.6173526388674,1.0185175536829914,0
78.88268607337075,297.5584336470935,73.34838945152525,1.0058984221589597,0
75.40287882883098,303.8193545223155,78.18062972249663,0.8345112563771704,0
82.48357076505616,297.5876394214367,77.0908632135322,0.9451731205074922,0
76.13587392731215,313.84272818510516,74.31420025397995,1.1754933071647242,0
81.11893975819449,314.1093237974627,74.27550766238767,1.106977145498385,0
76.50137246003708,304.5588777208161,70.43292244134632,1.2086047049537114,0
77.38569986423366,299.6296320295159,79.02442774659264,0.984975701120174,0
85.24504612918444,303.25796316582165,76.85913433789841,0.8432140574634543,0
82.06390463468249,303.64961002466225,73.25172402716525,1.1038378851019317,0
75.80139078909612,315.307508323437,69.82257981362821,0.9582090454234109,0
80.2349029688237,307.59155160302646,75.75060061875509,1.105811832508715,0
83.05185132716733,303.74056569847573,71.12018112638651,0.9625177943378194,0
77.94061516938767,295.46771950672724,79.46173846600779,0.7467753914780315,0
74.04348251398676,293.76231039304196,75.78768398700578,1.1082691053887073,0
81.28014867156938,295.35382702701605,75.57190677379508,0.9304305122802936,0
84.16961077274452,289.46317580853645,76.40780276942557,0.9660877720729961,0
90.71972044662662,290.1037186342966,73.93787786717692,0.9814154247807253,0
77.20539076364206,294.378319734217,78.74067514660416,0.816885512166165,0
69.80937732411073,315.1344974324213,72.71014168746426,1.0840734482129548,0
74.37678954081065,305.7929149960109,80.38563406773697,1.0046002747253273,0
91.49449061809625,293.77350638265546,71.8232772388302,0.8856980687926271,0
86.3577754749708,308.5277367512222,80.2758614525854,0.8948690088360656,0
80.9338338223854,289.99668675394423,73.88847570422992,0.9026621161972965,0
87.10252123994927,281.96860323744056,74.77815730317482,0.9859624941094663,0
82.36916460455893,289.46584436826345,77.62316754213818,0.8452696011061634,0
86.76936187082707,309.3431991123927,79.20479577883928,0.9266843802890004,0
84.75211919093024,296.1182318145877,73.20746941592508,1.0184710474781082,0
78.67671583381022,299.35861653407005,74.581661172957,0.9490193306809117,0
75.70821109909393,298.6736625361743,75.5155180193806,0.8650423788448468,0
89.40578534720295,316.1558282354823,72.22660203561134,0.9673303786813636,0
75.69357899335868,287.0316805204415,73.0499281967793,1.123000057271915,0
73.3988339648968,304.3693816974635,75.25595442769507,0.8331400741121805,0
81.3522841288992,298.6154401601623,77.45633293126458,0.8846667596794255,0
70.20164938060113,308.7736229057567,76.4030795152963,1.1388337778208448,0
75.68004615160092,303.81158384882775,77.48919725363753,0.7871265905585187,0
69.00597021689958,294.07535740847106,74.17802075451209,0.882776624656336,0
83.93542301871226,302.17432873179723,74.58788463480181,1.132579664754219,0
66.51556678529214,306.19154261005195,70.86714749773729,1.0815501022444263,0
72.9624415264109,318.73297776217544,82.86237927308993,0.9418217966607946,0
81.78556285755873,283.3141592612241,70.8611455056332,0.954446047397613,0
77.82751886283842,305.1120259952498,75.74792578692518,1.014936348227119,0
74.24503211288848,295.4769368075092,67.40913743176101,0.9063493625210404,0
80.9792262754884,304.0373009033661,75.88972663542229,1.2124771403016963,0
78.28642741736616,304.94030186282737,72.62274023700012,1.0466670981966082,0
72.68242525933941,308.83659937486675,78.21045071494929,0.8852308610184333,0
90.94901466608836,287.90305257158894,76.99893750272764,1.0779349003905332,0
77.69680614520107,317.9768652684952,76.13130118170656,0.7915887060501412,0
83.7312678301361,297.49953485401045,72.50083182899772,1.2042076040143743,0
8.502722782129322,111.38918945157897,88.60484631890107,2.644259156574318,1
85.14577818662822,288.209602088402,80.09987212372914,1.0071253749910893,0
80.48497982496359,310.91310120594267,73.92497954393633,0.9054253939303218,0
84.10951252187611,304.36323669674033,73.83444464073334,1.0252240396426677,0
83.05292872641911,296.96820217165725,77.1956121128649,1.0744185710315035,0
48.564806362679974,34.116165367001614,101.2475245035308,2.7212596625516836,1
85.89648592031914,295.5671774880849,73.32509473816191,1.0231445922525573,0
87.20636644533057,288.1240158097049,77.9620035497673,0.9516438516153463,0
78.7371592430342,297.0505032170797,79.74162205970512,1.0388978729352183,0
84.58930973527389,295.70594458874746,79.98441049718406,1.0855555659020713,0
82.94158603242288,294.46411758292004,74.20004301229676,0.8978837542439699,0
84.87559866708875,292.1401053949205,71.36648421215766,0.9219800870882537,0
82.57523843153024,309.81765486991594,74.01414457275304,0.8797850473923912,0
81.0957516383197,308.10808273159785,73.0933264757868,0.9988907996051398,0
77.46528412314436,308.3849077445164,70.30727516486685,0.9382358323066303,0
82.46225632004075,292.4803066826118,74.1101776227906,0.9684913268805891,0
81.39510762885169,283.37508011964326,77.4424552863548,1.0017613251933657,0
80.54697397302446,300.6699071722487,75.25767901888,0.9588176631036343,0
83.90911435888655,299.19283419891417,78.36309200197341,1.0077480518518862,0
70.43359877671101,307.0900375758851,76.50253342483337,1.0681359510442947,0
78.76240682224248,308.08057798281146,70.30559168591384,1.076402978157286,0
77.95962313489224,298.7825249161672,77.66187251180023,0.985297457656915,0
90.66516687328134,291.96325432030267,68.36441426601148,1.004132563227062,0
81.92658689864419,300.1557904758147,74.77270714039362,0.7950058721422522,0
77.41194350481915,289.09600922557155,74.23146074251386,1.0496873590507598,0
89.38085419607943,296.97530313511874,74.24538334186651,0.8745077331997707,0
84.36228664140073,300.0642226981094,70.45007235173763,0.958758618178352,0
84.85785475477178,283.8643860212326,80.02347730004261,1.0721135362545582,0
78.98477306978504,312.0836623059314,74.29677659905103,1.148911310832829,0
80.4329489373645,307.78361076166635,72.25142425355627,1.04914294527202,0
78.90164056081244,297.42623462576654,72.08502979637615,1.0869154592496897,0
74.64957616836924,296.2998897011787,71.70809241710147,0.9674388947851497,0
78.89515200233389,309.2784012808124,79.6011831297495,1.0416446038101452,0
78.75517925760464,286.2809885706864,76.37331859845565,1.088140752892357,0
81.2986125086074,291.125078221979,78.3730600796115,1.0505965553455865,0
78.4541393826568,313.7365854516296,78.13526542225426,1.0364140296054662,0
79.72852566741093,320.574954697117,73.30567798748717,0.9951911492669228,0
78.70204324318198,304.3655980415767,74.34894884872689,1.0496199187363315,0
92.63466212936811,307.08214423256555,77.62355122239757,1.0858014195302146,0
47.575768720742396,135.75698003240717,93.31806527294432,2.5766309584776357,1
74.93584439832789,293.2360769794073,72.63664874427528,0.9161414201552769,0
76.00851377730773,300.76851882958766,72.76026496037929,1.1703172609918038,0
86.52739403577165,301.6936082403608,73.5898735567215,0.8845637331767016,0
87.88726639881737,282.5146802676182,74.03627170164627,1.0823279915677706,0
81.27210421650607,299.9662554258905,72.85272003266775,0.9901154798760694,0
74.15660981190234,311.60826787378517,68.98841290677974,0.9429648633586319,0
82.81484618345286,326.01683114180395,74.18503466902185,1.0077156496217716,0
82.85445255346583,275.00594285126425,73.36765799365742,1.0317453261250176,0
81.24691841855378,307.9348872055221,80.21655405556,0.918698562773987,0
82.97578512718457,306.09138120907176,73.05737458309453,1.060824619168497,0
80.24260813972414,312.89752754082747,77.43418966347478,1.04581681147887,0
81.78893680174141,290.08607650543695,76.12922857829255,0.8628326302769533,0
74.81376922836772,294.7138331825024,72.23442056062406,0.9715615350393491,0
87.2557180389752,299.2950122194091,72.97287576251516,1.1370536143996715,0
80.12255087129472,300.56649924897107,76.04302945061501,0.8949859260397854,0
80.76862552972764,285.59949117405705,71.78442830087954,0.9663745261318928,0
82.58829510234561,301.2637957954641,71.73110088797283,1.12592332397868,0
82.41236207621593,304.5353430151398,68.11145714058829,0.9017705965745321,0
81.28775195361382,305.43600154594435,76.97773700529721,1.1135620147182945,0
79.67124869463507,291.94129933503814,73.90047893889584,0.9913930307209107,0
66.74515095803494,295.7364240379446,77.57535334997,1.1279518669760158,0
79.72207664544773,292.52788320852176,76.6417943921339,1.1897288694773112,0
76.59987639210755,320.8837470478073,73.02565053277424,0.9586394466578356,0
75.90889658383264,289.0768723532742,77.2325759144998,0.8682868080053415,0
79.2216138230396,294.48814283671464,72.50453337530867,1.0569760357198648,0
80.32140009547732,283.07043185804616,71.45756155407346,1.0775155494034783,0
80.99529847786735,300.4381147197911,70.17701691864582,0.8090643912492708,0
86.84315778766174,297.90676322848134,77.00622496677754,1.1355442801105495,0
81.70877987888579,293.8659733645906,77.35017152784779,1.10074439731952,0
87.75250246407039,296.90790922950134,73.99458665648565,1.2485189916678892,0
80.06964645956474,301.22670315994793,67.09275678294937,1.0322974503617668,0
77.3712248915962,314.9072613684995,72.05650340658096,1.1911419087139723,0
84.6783919657373,300.67855510527403,75.84190921347042,0.8168317752793974,0
82.0671745161185,297.73521108098475,71.74454842032661,0.7070551309997732,0
78.0333059383632,317.75310892609514,83.07910099194149,1.0329106778710129,0
80.14372411467409,288.0636316824352,76.04940007370372,1.1252842634427485,0
81.67228394993512,292.8084668075758,76.3642227364234,1.230791625061611,0
76.42824290986816,289.6009407287447,72.5422264208355,0.8664518430900109,0
28.144065805877457,149.60851805476855,97.7415981377725,1.744140283161539,1
72.88873145201163,302.825799504883,72.7245139958998,0.8657872251514884,0
82.48999145622724,305.29692754356734,73.53831430765935,1.0757495149337486,0
80.93227157384713,297.75366850002973,79.64706045448557,1.1218970789793663,0
80.75150880730939,294.95225078771784,75.24598666924068,1.107431801271556,0
75.04731837434656,284.4341810134025,80.40153354453255,1.1263706677654668,0
84.84322495266444,295.4111573713106,77.26287398944072,0.9533504620771802,0
79.66960100676341,317.26963851233404,74.92934354737729,1.0212574030632215,0
77.76783192724736,289.090335697848,76.18139189464875,1.066470274533311,0
74.59471729795868,290.72646865809423,76.0015798997056,0.9188999136371155,0
79.702373219691,293.0709480220409,75.73951433529601,0.9716861103256232,0
78.0394592343392,298.2737270005918,76.05434462262475,1.032405702822156,0
23.055907319621127,121.31647306893356,97.14093123905288,2.371880878185343,1
81.91204873092025,306.7134007645047,76.67441854355552,1.1057368305378226,0
80.91671002869175,298.55912444278385,71.55361789452404,1.1249618905296668,0
81.68801331037601,298.2981537747507,77.04615619713786,1.0435975389500045,0
80.88850500466627,297.7653401762815,77.03742832631458,1.0596441137581754,0
88.32737222231289,302.83287871546145,71.90242828941739,1.123958400644156,0
71.10639875547861,314.9268856895952,70.94677690137594,1.00188190497406,0
80.58663691654391,287.90358981308793,76.41721883364113,0.8368724184539055,0
81.01731817933612,294.1692256143106,74.85404294528864,1.0574071220894001,0
73.81524644560959,300.7863519031609,75.00062119475459,1.025775254014275,0
84.14702790591744,296.2779322392895,75.91145578681463,0.8223988245951598,0
75.55242785187238,311.0552593295798,77.89619245377351,1.120026174973883,0
76.53545202369673,287.7605973323774,73.01405346661018,1.0470044187368202,0
73.47765249747573,296.3467844868789,68.53997124038627,0.8792978352142784,0
95.3944040422762,297.7874637641423,73.75960451663018,0.890783636728191,0
78.90449735595568,290.4056076327652,70.85686619053868,1.0418205755887973,0
78.45393812074393,306.3517180168197,84.41324560097998,0.8869930660959642,0
72.96669451575889,301.795817819396,77.70683152135994,0.9772523740046593,0
82.2213165574302,289.32467085745725,74.80942627615393,0.983963991895517,0
81.71809144784231,294.28821010217206,78.3781507523165,0.9712552480599644,0
78.54153125103362,307.604146561443,80.87504236266179,0.9812670981593625,0
75.95753198553406,295.16813537700625,77.85937513612826,1.0876046792529794,0
78.50496324767066,301.2003132671826,77.84257938636857,1.0214713183170527,0
86.77818929402476,291.7311964596014,73.16328979647675,0.943939236315269,0
81.07046872065102,298.4994441296747,76.8666214321302,0.9413468730436064,0
82.45959585753253,300.03046020153414,77.93657415234539,1.2868403055666768,0
77.74967264260378,294.2348959927328,80.98700246935189,1.0367619840209712,0
77.16851135198614,295.7188483903409,78.71683905881831,0.9153684022534264,0
79.55439980243605,301.3653533108274,73.42189547199726,1.0338023481101708,0
78.5567068053993,299.908810033558,73.73771461895684,1.083019181186261,0
76.36431412087566,294.6403655488595,76.04895014189908,0.9165676954508418,0
89.15729382927177,311.90646274786343,72.57520283507722,1.1058728529883879,0
75.07136976832228,311.85704154662994,77.05070796960143,1.0216624975404618,0
76.34816684141431,301.7989415115348,76.31542721642919,1.1200531658473873,0
84.49799937716625,300.3408346825923,76.2776616185791,0.9292374105177974,0
0.47243679842919306,117.74047725275202,87.96592495251231,2.4041992311913,1
85.15499761247976,306.9822331361359,73.21301611786953,0.8482826303328321,0
74.96991309250149,312.1309769997918,73.05188088503573,0.8997782981073275,0
80.95549534009952,310.0058231804298,74.71360725873278,0.9307749670734103,0
77.03803037880566,307.53341621104533,71.1012562892172,1.007857702971915,0
85.71877021603464,288.8038256671099,77.07875586909483,1.1101322957735762,0
79.82644115147379,287.05318524279096,74.20645547606817,1.035250496835688,0
83.43025729999219,310.39904687396074,73.8387008925768,1.0134296497247792,0
87.89606407753696,303.42725346377705,70.2873715437945,0.9282081109252398,0
87.0467372009279,316.9505104043075,73.48275988721419,1.087231538002845,0
77.6886235564748,281.69367103143543,78.07112863832094,0.9174346317197858,0
75.45987962239394,299.59842049355655,74.49556854424563,1.053481733634591,0
83.78753855023652,302.6859227886326,69.87792612722116,0.9017696419622685,0
81.44584321953909,296.8094606433338,75.72396580475035,0.9428253958043938,0
79.07170511668092,301.975996046924,75.85666222457297,1.035845361820962,0
75.31087480042439,310.09817089342636,79.92801885976789,0.9143227906173207,0
73.59847800664552,305.462842480037,75.88687346624128,1.0586165800392784,0
72.60739004816287,289.9837999010508,76.86471566956816,1.050826863967459,0
80.73356843216662,291.338251517855,69.64240052419767,1.017847666388539,0
80.02621849859092,305.4146272820479,73.84808618414294,1.0638660168643101,0
80.37902279096863,307.0810867668859,69.0896885468645,0.8896330171469631,0
81.04431797502377,315.0339830176715,75.76121898448372,0.9473752143482579,0
81.29941397124212,307.3264007721558,72.5327402028534,0.9048081539977765,0
84.8168806462216,301.5041890514358,75.79608704819888,0.9416400673653995,0
80.24042473330691,304.1953244390703,74.81342694900206,0.9035462205089808,0
83.40945744813156,293.8756262535956,73.53839123641522,1.0793175688218677,0
79.83436513563102,301.68654671966726,73.52653875857368,0.9377965194445619,0
80.98277388255788,283.9803418810283,70.80208147559418,1.031237821046657,0
77.40864890863176,306.47195939702743,77.58718041714828,1.0955300558237753,0
78.32749382079525,304.404747379604,79.46959031580624,1.127946493165775,0
85.54351790291454,297.9188314272746,75.54427986034192,0.8651952888059833,0
81.66157005989795,311.96571501664494,76.99777275616339,1.0665416823691778,0
78.49448152205356,293.180157520022,73.97042317350777,1.021539650545629,0
77.34749426194736,315.2846842641253,71.65042668015403,1.112185785623047,0
78.9115939838639,305.5832691252172,71.24877679809084,0.939349661178426,0
76.81130007874341,310.760071385986,76.15896995343468,1.093312807234107,0
71.72571664067115,306.93105607263146,74.11473025728628,0.9484781606191757,0
73.00716213090429,302.4075317948857,73.3599597462382,1.0428316692375237,0
92.31621056242643,282.602862212219,72.18029069667341,0.8943442357239747,0
80.48838049274416,293.90487797840717,73.48746050697699,0.9264696539318048,0
83.256956256529,283.5460125304311,71.99343763265558,0.9470667887551629,0
73.59785323751859,301.68460976269614,73.18576600638536,1.0640542935074773,0
83.53875967727738,305.1310579817608,72.90968454471127,0.8627140548518936,0
81.55625077271768,288.96791634278316,71.02185694175388,0.9410728348210694,0
81.0698995536711,321.65002344901086,78.33806512496977,0.8985240506814147,0
84.77571160250619,305.3665275252729,76.8510178487301,0.9062074423463601,0
85.0314640460722,284.74343685429903,73.68970728828535,1.0861636124497944,0
76.16101217447935,307.60055963689604,72.36055693949383,1.122921478429705,0
79.0800833182366,296.7767953078866,72.41673626947929,1.028695585430171,0
81.63066511121059,298.1285573499545,73.1798991157041,1.0687065795858917,0
70.06215542699553,289.77207434801596,76.2211568613736,1.0985449685615218,0
86.83437133722262,291.6079033266099,76.50534820850264,1.0257975981221181,0
75.95850857322424,305.999287299962,76.38777387856186,0.9960980480622456,0
83.55479984101746,320.62524919243145,72.59988430680706,0.9950970659161963,0
77.18766612052866,297.40453322416084,76.74607970125417,1.03514799003522,0
81.62041984697397,313.99355436586,69.68090259537935,0.9954487754698758,0
77.89507759589868,314.7753008105526,76.41600681275783,1.2046862195719559,0
89.48396491326974,299.42381202966413,74.59716251344109,0.7167844401889432,0
81.12046240905208,289.34886336924626,69.66423724798045,0.8343376792322226,0
76.69106767615806,305.5005209902455,71.2826787730383,0.8048898135961375,0
25.345384419226445,125.48835965548639,91.1371562562188,2.190154011992567,1
77.62527344419522,299.8036220107332,70.19728806457046,1.1041724664058852,0
68.49039417632207,310.72507337309804,73.3551381105282,0.9095931710264,0
92.27650069955448,292.0397414319651,71.54695774914148,1.0332607510324197,0
73.32327820644949,296.506832038818,74.09386350153041,0.9365714152310597,0
80.29104359223,315.9450506322497,70.3387237019518,1.042548993324023,0
81.65631715701782,310.49552715319334,78.16817042719815,0.9549987142004186,0
78.65296582777721,321.57308213265503,70.44637875995757,0.784761645539082,0
80.34281487403014,296.50742295681573,72.0793614008866,1.1272353500106769,0
81.48492336616593,303.4648847589799,75.46557205157694,0.9844740951175251,0
84.24801048510513,289.8524326930713,70.91047798622157,0.9397179344216038,0
83.3483627441502,301.8468030586491,78.29145813526108,0.8924687606950762,0
81.44887428448206,288.58310885866496,75.22786580374826,0.9325065981209448,0
82.53637015553649,281.18150954502363,73.32773084067503,1.0521279905013814,0
76.23131917821256,310.5065439600761,77.77864620672477,1.055174079991092,0
83.56499215086194,295.96351536758004,73.12296813751136,1.1594442391749196,0
78.461108825235,298.65691258529455,74.64970225261426,1.0322082310766985,0
89.23318498023833,299.11637040794665,75.65032669128789,1.0007880184694729,0
76.10847637298843,295.6837968728195,73.56152109780227,0.8933765068100775,0
84.11030079997245,324.03415585238275,67.6835485251707,0.8480653924523157,0
78.80525976566796,297.90976742713974,71.63236558126675,0.820610750213211,0
12.239541626661609,129.88354644733386,94.70292409363753,3.016257784369019,1
81.80818012523817,296.79652691805677,74.41527515894195,1.0098067539538944,0
79.37106539950176,311.64739354457174,76.82055177964702,0.7894353058159675,0
82.91964092662982,288.5627379267934,72.69001180140762,0.9542151613817511,0
87.2669223855885,286.7997748877929,75.01108701554354,1.0072874098015516,0
74.35474114391386,291.53643345009124,76.16747758700379,1.1857702343537733,0
81.87849009172837,275.7612067337104,74.14198733435967,0.9332220443531114,0
82.5751763360433,293.11849654822277,72.2981377960564,0.9444453220513134,0
83.58771127897981,293.94285076996664,73.92891239758018,1.0876455645502936,0
85.29212243424794,293.9438446026314,77.08661327269733,1.0079597862376037,0
77.89906591452072,295.7069777548274,72.77254730238485,1.1191707497107064,0
83.22687974792574,314.7117032749361,74.98321194351286,0.9083725899436275,0
81.35789418597686,300.70052163113183,74.8820781371171,0.9010042207447986,0
81.11066885816857,298.6255148537231,75.43466349929068,1.0007178466907942,0
79.20996050710505,289.84178181021605,76.66653793902674,0.9638689438032709,0
74.46832512996986,320.7526087262527,76.56336728513801,0.9269043724284527,0
75.84524941794481,306.7318135126996,71.55521013374215,0.9020278775283193,0
79.87937456444999,316.2467845846956,75.01012651979148,0.9938996028144617,0
72.75993049791877,287.6565112812008,79.68866630552459,0.8957422305329423,0
81.63463686882082,297.7351590115017,72.64204190209506,1.042584365862983,0
37.31340445630078,107.29014166163199,97.31241812033427,3.0789222797567226,1
3.103403211981348,78.14615134958972,94.54077617832523,2.6452462510978094,1
80.33759240705055,291.151972859731,71.69953730108492,1.064648953772577,0
87.48022155744592,297.2887639895743,71.03262612976928,0.8828345652682438,0
78.42365377679828,310.2257043200964,77.22247303626038,0.8485529690819233,0
80.56758672625624,294.42508214992165,74.42988289499552,0.9910765845778551,0
87.61514928204012,314.4376460407326,76.10892657659429,1.0220541427013867,0
77.65412173947648,285.15102031550094,76.56754231579727,1.0771920154836676,0
82.71680096189968,293.9021709568062,78.50876997728332,0.8804706236400756,0
79.64917144270676,309.50307591973575,77.27036603996095,0.9876267319900244,0
79.16440959841573,312.657078408647,76.7193834397236,0.7822934953557146,0
85.18769972128949,293.9778793963822,71.23047931716224,1.06954024745503,0
78.93005577887246,313.40450446023146,77.56192792965668,0.9848285566422771,0
83.1620386952776,307.388104808875,75.78132679000066,0.802177475062519,0
79.42730077373692,286.3312130158458,76.95135027760841,1.022899639245934,0
88.76135221711812,312.8101636173511,77.99057632039742,1.2067906338163552,0
77.23888477859515,284.1880929796787,71.60815399518742,1.042406686151845,0
84.36160318360339,290.60664606181246,77.03811984886951,0.9153149033874636,0
77.37739866860113,293.5645016768254,74.84063804094737,0.9896568775709716,0
19.94827199318651,77.81885777622891,93.68670239841916,2.6422675794252917,1
86.38832447894212,316.72572386837703,79.4523480856079,0.8762573361777427,0
88.85400317817755,301.90499679779066,71.30243005569447,0.9715844902071202,0
72.92314628974793,293.7443729849047,72.97446517507686,1.1205994516546816,0
74.28514851084688,291.53038651681675,77.45366897407509,1.1197246923645228,0
79.19357144166996,294.4969484615458,69.31915599913864,0.9051083479175163,0
74.95956844541298,306.3081168455478,75.11381350634281,1.0207802507353314,0
81.80697802754207,305.22835488035497,76.78067016684258,0.928116761239127,0
67.64177749936356,315.42109952567876,73.49107568834597,1.1972542176789809,0
83.12833673882503,303.21357215450274,75.0015838765698,0.7511672646587011,0
88.77670421221602,317.11708480142346,77.33680951053634,0.9127038909546299,0
80.9330456157818,311.2670513682758,76.10619944195255,1.130350793193476,0
66.90127447955128,317.2754317010071,74.9438737306623,1.0091752484448373,0
75.71958087045566,271.27737786718353,69.24098053140703,1.0292715482141854,0
78.24243257979346,318.5409256633419,74.37205854126192,0.946783143687281,0
80.06296200390898,296.9477529564533,75.95895547775693,0.9475551863737348,0
83.45071995855557,300.1035261984338,77.04064831635135,1.0735621997245746,0
83.62883311949346,305.159392177041,68.3420988817574,1.0131927966771956,0
92.22875989808414,307.36843897092433,74.6236372199913,1.0175286778933923,0
72.37237414537631,297.412039373329,73.23339951978392,0.9835664794114609,0
75.22229779699788,308.15737212539295,72.12854725531487,0.8454270213309267,0
75.58071281899433,289.037249131048,77.01144185172363,1.1159074064955898,0
80.02556728321231,314.76540349725894,74.51079910816871,0.9813103841838016,0
85.49388425993595,300.7600539141241,76.8135459790661,1.0455904195170702,0
73.81092250586576,325.79709337654316,79.11854542402959,1.1494938227453235,0
83.07967803472133,304.52371796249736,75.17406820442518,0.8922623923015242,0
26.962136594027548,109.05100026705206,98.35765585864527,3.045025141084981,1
82.8529933429658,300.14688194729194,74.86956915055842,1.1807196643637885,0
71.65297359439315,311.9663148664565,78.14195311986434,0.9922556539274007,0
45.54131476569384,44.68619249557763,99.4375198370703,3.760822693804834,1
84.2882981160101,298.2504024330459,70.64647292984532,1.0222289855800855,0
77.57882963566874,300.40591691203883,73.15091577588157,1.0361417317273103,0
79.90743432003805,300.2818115736913,77.6606621702919,0.9227340554729175,0
75.38917337911187,297.96326249823034,77.90455398159858,0.8744864628026605,0
83.14814420961807,284.4410435379637,76.46361685461322,0.9103357772684791,0
80.60147815855949,285.2108843122587,76.60351694544165,1.1186734620177332,0
86.39225931303649,309.1915417361,71.98783620947397,0.9551775383699851,0
86.23042596248814,301.1327041053776,75.11471398488008,1.0502744807490814,0
79.2647130924893,286.68767046442224,77.19229235719958,1.1330574904039041,0
84.10241090598682,298.7146248856107,76.7850883975067,0.9285319323009569,0
85.01766448946012,295.1611416594568,74.54618014903946,1.0668654804757907,0
76.88429736787617,319.01190685753005,80.26642709494647,1.1065171965714387,0
75.76603140965797,305.97400069849857,73.64025477293096,0.9037267434715388,0
80.92316929266153,300.519458858073,75.45706461610116,0.9787791030098848,0
74.93947812369916,304.2881650033057,73.74789955918475,0.8989401780071087,0
79.75268145173783,281.2482753035425,76.24459650108574,1.053335924470545,0
89.82362566458195,313.2819414184906,71.91188547545379,0.8818125874579199,0
76.76713557878736,297.5130887381645,74.3087978573827,0.8634175844584561,0
77.57318226085448,305.9475434166529,67.31299902361407,1.022526411724755,0
75.00822979630604,292.47843594409414,76.02701350346886,1.026477531097798,0
69.87428706671196,290.1751260646169,75.30556888578596,0.9943411511100104,0
82.69455021842329,293.4864310620817,70.65106434090441,1.1628468554772322,0
91.57329283336755,307.5892858978676,82.23784626483875,0.8730669503453301,0
79.83623364892001,308.8310977714716,72.22372612182124,1.1712040284017893,0
90.30373962440993,298.27053940076576,76.31850369186068,0.9784332362452368,0
80.55461294854933,281.1045926905447,72.24184622524074,0.9090316583018166,0
81.11942012139566,294.70947322653706,72.44578069721906,0.9781346722564964,0
77.68291153593769,306.4272275986754,80.19754499845527,0.9468785705392402,0
81.17807279054283,318.8458630593461,74.3074008784657,1.0252568845996624,0
88.48228184145019,311.39878561129046,78.82462512383617,0.8700783636554176,0
85.07185032509065,297.4109502629592,76.19378114984043,0.960377032189824,0
73.24157697191833,304.8918713014766,79.55785177092531,0.9280890548550814,0
71.96258382719387,307.2762954363698,73.42773480619623,1.0072036861283744,0
78.2035395460647,301.08559705776526,71.11165000725032,0.9840637767854093,0
79.90491896048655,305.36509843570406,71.24281966676064,0.9047683619261203,0
76.25756731721724,298.4147042697303,76.26475983184336,1.194121743646375,0
80.98430617934562,300.2688583899453,75.29394946041269,1.0382988984740928,0
83.10904981108598,290.6456129795541,71.97433594777138,1.1897767016745977,0
85.94196636724043,300.1884962294485,76.43832455425819,0.7683856137031123,0
83.50154939704495,290.2547069532936,76.65975365995435,0.9584786232094729,0
87.66369456501289,308.17766299200287,76.21288426488509,0.8821959132623619,0
92.8667990162493,295.17256477817966,72.3951218043709,0.9498215807188468,0
87.26767038578659,292.4572414998064,78.61165331150644,1.0449218721285034,0
77.99389764057082,286.8816376764984,78.57752253743392,1.178179890877106,0
74.59468336200051,299.2035860875429,74.87152985606528,1.0879417041137402,0
78.77305941998564,302.01099046714967,79.26824440829982,0.9548841141591001,0
80.83226104106528,302.1319662823769,67.41131976691709,1.0872197000072978,0
85.32740187532676,305.51485376040466,75.37064308786675,1.033868731792169,0
83.1417275463214,296.90883535797497,78.02254106951077,1.0515628088443956,0
77.23175347326409,296.77320161157866,69.67129430130504,1.1761188124867374,0
82.5045859381219,316.69904504351405,76.65442882571857,0.9474120324104796,0
71.43432735454562,274.4607886509805,76.25519466266606,1.0441307151699246,0
81.90098925502981,299.8058039411227,74.01165664095872,0.9764030012789029,0
24.001514068032943,58.29334224539612,104.27751657397131,2.341121873541605,1
83.12059908526078,301.92049116490034,69.40038014591815,1.097531245847798,0
79.63585543671563,287.7239218486301,74.55665904354758,1.0170463770996572,0
85.16232630275573,305.4329802903639,75.69210271715605,1.1070610559979186,0
81.25246425172938,309.98010109859655,77.4752947940029,0.8092192442122609,0
77.18856235379513,314.4011721544947,73.37197860079793,0.9692191528861116,0
85.26901026017451,286.76910206592504,78.37630435324431,0.9216246478875572,0
47.72836639439942,54.01898320330208,89.10315439183691,2.7272412820514584,1
83.31065337260523,286.3019702042092,73.92766373156871,0.9962429355020519,0
73.55019550129472,291.7240977935128,71.26284787066085,0.90754358856219,0
35.69651454061344,95.13628073560425,88.33611301260176,2.280719880733291,1
76.21824627357849,298.3287828621359,75.09839098623476,1.1399594645145794,0
84.15167908272123,288.3008316428971,75.07616526162722,0.8711692382536462,0
81.66831052643474,295.4290374341373,79.33089601040645,1.1588626928043597,0
87.51996494291345,292.48208949904813,76.95340872547096,1.0424393937861012,0
80.8728890641592,311.72729019259367,72.54873410679542,0.9763444712781054,0
75.75077815267605,294.67299160338086,74.86376634620329,0.8723695583461664,0
72.40315017022994,300.488600703257,71.21950570448226,0.927039753019259,0
82.02490855480478,313.64140429973844,70.0704335665375,1.0579857285295131,0
73.74443211807349,309.8572999567986,75.63385107683841,1.1466540859278602,0
80.64610590987614,297.18672442881785,75.98363857247807,0.8663274561124069,0
82.56633716556678,310.47098302612153,76.29576763402183,0.9607528893939127,0
82.21909714073114,285.97394728200305,78.84493138501131,1.0450603412862538,0
79.80222423071673,309.7519762978243,78.24530018301849,1.0258661147855388,0
82.06465727137812,288.96633393826124,73.77889106121965,1.089295387010877,0
81.20981135783018,301.9652116970147,76.91415330432227,0.8897707850163576,0
75.71421221791859,304.2192075423528,76.80362024678735,0.9341751587666152,0
86.38838410949255,290.2693105911844,76.49322926727419,1.1172756845267444,0
82.57219417029374,301.83359919779156,77.6629662776215,1.143633540570598,0
78.82923312638331,299.1784882160743,74.67809356798732,1.1217959152305559,0
79.86743062275391,271.51457379369924,72.71182566430136,0.9391410276760299,0
31.465055651225033,93.53171264295933,90.77529280703251,2.8075358703875586,1
9.171861692531834,84.26012778799591,92.2194062661961,2.706117728649787,1
77.41355774949814,300.43602446372455,80.86247230125086,1.1029457481598357,0
76.01552372264761,320.0609288815912,75.79046164599318,0.8614012057601002,0
81.03843843581555,298.3117827680999,74.26775857897739,0.9817431025620459,0
73.84567841783023,298.03650150915024,69.69277228533265,1.2411676675578422,0
74.97929616623966,284.95279625969,76.68864258052307,1.0178694716810475,0
79.71527188139466,305.4673356820138,79.3674669664403,1.0904017554761314,0
78.98903673783053,299.44230922342297,74.99787421627006,1.031318447386498,0
73.69558022832477,301.25224502647905,74.47243678670378,0.929310743201265,0
80.3490104249501,309.6387911679491,81.07081865768892,1.007268052432934,0
75.09245674476024,298.14712341122294,72.49457129510994,0.9860602799336766,0
72.42127942501384,301.4679301198555,72.58705272102003,0.8684184183572493,0
70.79562884334177,305.86693801475275,80.42791904919933,1.1068379333694016,0
99.26365745327361,296.7516861649138,76.80956229324703,0.9604319288243737,0
79.52352233806523,313.0434024287815,80.49767113043761,1.0225761523111754,0
80.85684140594985,279.5826513157571,73.82505429773462,0.7869433520192799,0
81.1710736626826,285.4244850053507,73.40708730656411,0.9149464721252956,0
83.78494308322676,298.99845923520047,76.7118389916586,0.9522354417395995,0
77.60625689168262,309.5287454720294,75.07170912985487,0.7913522341628916,0
76.18370421728741,292.1510168691776,70.40667749233283,0.8317341305877314,0
75.1265916488634,298.0931759923665,77.55269388650392,0.9906363811260829,0
75.89658840824144,304.95681887972603,74.6903347412025,0.8602881814887009,0
78.81590696629996,305.6390912005236,72.01695187617446,1.0018401630783438,0
83.57000247046047,309.6408716828836,71.33786272225753,1.0446872500802697,0
73.77130610644006,301.2557645347154,71.5835006466577,1.0224216404290793,0
84.06758608684835,297.409578541793,74.92327706342401,0.8869796275326076,0
80.06500945938953,303.02635465239035,76.84731344931342,1.0190423889925058,0
80.37047390209888,302.9929258040649,76.7256150483197,1.1503419828429,0
42.16197968387565,94.13828946468928,91.31614932026189,2.5745664678976183,1
80.23218274078074,293.29379790923355,69.67126099960065,0.8031076857583916,0
82.7354869058502,292.9498814424159,74.06082590843053,1.132864082824823,0
82.4468728061396,310.2996081758116,78.67070664725588,0.8760947297473357,0
74.35146572671191,325.5819928566825,79.14436223607146,0.9197175556049157,0
85.33337344794577,294.5127509225904,73.7610065335697,1.03216785413765,0
91.35346428902199,298.52397413701334,72.70003023664995,0.9902084753557095,0
81.64375554829843,285.35625119790177,76.54853486134488,0.9770451344639652,0
76.48411787437057,299.0946671769584,70.89858658061927,1.073463754545933,0
82.35734178567998,287.4571057683075,83.95577700781023,0.9919121502134539,0
77.00312488523113,281.9801956241998,72.00581811805677,1.0298158465990526,0
80.92418061847437,318.99881934895217,77.67074250250953,1.1081984809249943,0
77.3456561353984,302.33216131263504,73.05070431945519,0.9171803727034765,0
87.51178526048014,307.42095372009305,77.67114949055936,0.843850677755814,0
80.48060388470492,293.4592431687258,81.0368113371023,1.0444773807831595,0
77.44991800572626,304.6877425607502,77.43961556024394,0.8858991490247261,0
85.44475298483682,297.19324923133223,76.64135734552563,1.1818061922557825,0
76.42348145370016,290.11408892849084,77.14614394632373,1.0234024454353148,0
87.8276201461717,283.1656180777905,77.85434783117427,0.7924411990921467,0
78.79837300920933,290.44877420650647,71.0422584162037,1.0678946987762232,0
75.47841687447796,295.6254169967659,73.99776830706018,0.9271727797593386,0
76.4616526719061,293.3709908244905,74.04685470973129,1.0572390311175677,0
84.770008817466,286.10427533236407,75.12275752618716,0.9906613141100051,0
81.40495933867517,305.6898307918527,73.71226673910401,1.047347189903523,0
36.302873143424875,76.31984482840977,96.09267021205473,3.2561762740623132,1
77.3487119081378,309.96047685805814,78.6358319561592,1.1100821398422605,0
68.94432345496057,310.8874861970419,77.16468751537843,1.1063940987560856,0
80.1415918806523,301.8958161659874,76.86620997091815,1.0782873734948573,0
82.88278481527882,320.5620712994032,73.92069406263275,0.9997596159081146,0
81.22483285554361,299.93929088460106,80.92932175354646,1.2281651836538843,0
85.84647795222837,300.92844901141115,72.21990507345807,1.016805980596682,0
81.08229294790988,313.920022863446,75.05884997308198,1.0140359869848048,0
29.326604548161946,67.078950430868,93.2678674699655,2.639024645521421,1
20.785152838555582,120.7857275271231,96.89576559363061,1.8243267848130953,1
84.91345491972757,302.0115965587284,77.82393174230245,0.9081873016583425,0
82.14809109566293,298.95550781462526,71.9499506142705,0.9503067974882021,0
74.3863898921885,298.3986720443336,75.1305440059304,1.1218194711754257,0
77.27808637737408,295.5381656678522,81.22224800924992,0.9968941067129098,0
73.61625712089845,311.6187830260819,74.5965096467948,0.9964992389993764,0
76.37128093423267,319.3892899905828,72.6457142756169,1.1146440870400727,0
87.2078431032895,301.84551303197037,77.06912341573559,0.9924334395674169,0
83.54178223649677,304.2406104446409,79.87787674608619,0.9114751313875777,0
93.6008458329481,303.28762410303483,73.64943220544576,1.0034441011705841,0
79.62777042116916,296.2938566791389,77.81271041287968,0.8893706487588365,0
81.24110293150169,284.05296932733205,77.5787636609394,1.0889037122279892,0
87.93008408072676,299.11717951648745,74.45882495471278,0.8268798696555074,0
81.53649760438304,292.3002676894136,75.05744333224726,0.9287826135823957,0
72.57219813481514,291.5675340468381,68.69992047704513,0.8742131844091112,0
34.03942128871101,104.73284317881308,96.12117372267646,2.0590921038176577,1
87.37678108474776,309.92042349536524,79.53346479074204,1.0425444864184172,0
93.16191032418695,297.58742345381455,77.56357568119985,0.9209100618332446,0
77.77248739299614,292.5752941430195,80.88776157159238,0.9935311394967482,0
75.10813611192484,299.7580439360908,76.38955438580275,1.1331339061988404,0
5.995933432444353,114.80964542929453,94.3496985322319,2.16628727598615,1
81.57123666297637,318.0094043291082,73.13745720524665,0.9113319077716543,0
69.66278949980062,320.13387247526623,76.4760565439784,1.1276965386088187,0
84.69141902988,272.96767707000765,76.1604255620676,1.0408052846836755,0
8.655376121074905,73.29046455940384,98.8042332715574,2.0506023867041607,1
73.35906975550785,297.7903582617034,78.25735897481805,0.9614978188287137,0
77.0030367727799,312.18761851697315,72.96730604299303,0.7974192126888623,0
75.80391238388681,308.9519322002773,68.59297735806392,0.9583805595114746,0
76.81306436346742,292.9159323308954,73.6025832926455,0.908367908092658,0
76.77440122697438,304.24165946401916,78.40131029060119,1.1295871781863014,0
76.73335383713145,305.5248995441715,72.51450892565926,1.0583544303011887,0
83.0394825485827,310.32546204341656,76.44620018200615,0.902463397272175,0
79.51643444064804,298.8193147300892,71.58694298872555,0.9243236022984074,0
83.75966516343387,303.4650388173072,71.28222481543958,1.0270057358391422,0
73.76108409017576,312.47742072673736,71.95471742451639,1.0251473608940511,0
84.35562351715846,292.8317767939719,76.44674685804198,1.1991553302204734,0
80.97044996449154,295.8918571204542,69.21698226196317,0.9447079162632698,0
